iter	MultiClass
0	0.9890189534
1	0.9035133984
2	0.8354352373
3	0.7826510802
4	0.7356960788
5	0.6956206016
6	0.6615328859
7	0.631080056
8	0.6047108605
9	0.5816827162
10	0.5611682221
11	0.5431181567
12	0.5264028544
13	0.5109029755
14	0.4972921383
15	0.4841770877
16	0.4731020155
17	0.463569852
18	0.4546754078
19	0.4462754371
