iter	MultiClass
0	0.9890189534
1	0.9035133984
2	0.8354352373
3	0.7826510802
4	0.7356960788
5	0.6956206016
6	0.6615328859
7	0.631080056
8	0.6047108605
9	0.5816827162
