iter	MultiClass
0	0.9923745496
1	0.908081736
2	0.841763554
3	0.7880024485
4	0.7446205251
5	0.7070997177
6	0.6758022349
7	0.6501024729
8	0.6271992931
9	0.6083200162
